-0.0076,-0.0649,-1.0162
-0.006785000000000001,-0.06476,-1.01678
-0.0069450000000000015,-0.06442500000000001,-1.016635
-0.006795,-0.064905,-1.01674
-0.0069500000000000004,-0.065205,-1.01677
-0.007010000000000001,-0.06521,-1.0161450000000003
-0.006840000000000001,-0.06522999999999998,-1.016235
-0.007150000000000001,-0.06493,-1.0166399999999998
-0.006955,-0.064915,-1.01633
-0.006750000000000001,-0.064925,-1.016305
-0.007045,-0.064805,-1.016375
-0.006714999999999999,-0.061165000000000004,-1.01437
-0.006525,-0.06090500000000001,-1.014555
-0.006645,-0.06497,-1.01667
-0.0067599999999999995,-0.06576000000000001,-1.01658
-0.05691,-0.06360500000000001,-0.9639000000000001
-0.5566350000000001,-0.040084999999999996,-0.42763000000000007
-1.00693,-0.018855,0.05574500000000001
-1.0071649999999999,-0.01878,0.05584500000000001
-1.00692,-0.01862,0.05659499999999999
-1.0068699999999997,-0.018835,0.05658
-1.0070000000000003,-0.018925,0.05636500000000001
-1.0070299999999999,-0.018865,0.056440000000000004
-1.006985,-0.018945,0.056369999999999996
-1.0070249999999998,-0.018845,0.05625000000000001
-1.00678,-0.01896,0.05586000000000001
-1.0070999999999999,-0.018835,0.055465
-1.007345,-0.018575,0.05525500000000001
-1.0069700000000001,-0.01877,0.05514
-1.0069249999999998,-0.0187,0.055615000000000005
-1.006895,-0.018370000000000004,0.055605
-1.00692,-0.01868,0.055185
-1.0075150000000002,-0.019045,0.05551999999999999
-1.00738,-0.01881,0.055999999999999994
-1.006865,-0.018715,0.05615
-1.0071800000000002,-0.01892,0.05628500000000001
-1.0070400000000002,-0.019069999999999997,0.056380000000000006
-1.0068800000000002,-0.019035000000000003,0.05628500000000001
-1.0071400000000001,-0.018920000000000003,0.05626000000000001
-1.0071450000000004,-0.018810000000000004,0.05602
-1.007295,-0.018715,0.055885000000000004
-1.0072450000000002,-0.018730000000000004,0.055779999999999996
-1.00701,-0.018855,0.055275000000000005
-1.0069600000000003,-0.018830000000000003,0.054974999999999996
-1.0069750000000002,-0.018619999999999998,0.055015
-1.00704,-0.018695,0.05487500000000001
-1.007215,-0.01885,0.054895000000000006
-1.007165,-0.018765000000000004,0.054889999999999994
-1.00686,-0.018715000000000002,0.05484
-1.007225,-0.018874999999999996,0.05508
-1.0073349999999999,-0.018875000000000003,0.055005000000000005
-1.00683,-0.018779999999999998,0.05502499999999999
-1.00671,-0.018784999999999996,0.05532
-1.0068050000000002,-0.018820000000000003,0.056035
-1.0067700000000002,-0.018824999999999998,0.05650499999999999
-1.006725,-0.018904999999999998,0.055915000000000006
-1.006815,-0.018940000000000002,0.05567999999999999
-1.007065,-0.018785000000000003,0.055810000000000005
-1.0072900000000002,-0.018734999999999995,0.055810000000000005
-1.007135,-0.018959999999999998,0.05587500000000001
-1.0068949999999999,-0.018935,0.055975
-1.0071949999999998,-0.018604999999999997,0.05602
-1.0069599999999999,-0.018520000000000002,0.056089999999999994
-1.00676,-0.018735,0.05604499999999999
-1.0069800000000002,-0.018995,0.05652499999999999
-1.0066950000000001,-0.018734999999999998,0.057025000000000006
-1.0069599999999999,-0.01859,0.05705499999999999
-1.00652,-0.018705,0.05761499999999999
-1.0062849999999999,-0.01859,0.05743499999999999
-1.0082749999999998,-0.018514999999999997,0.056694999999999995
-1.0077699999999998,-0.018315000000000005,0.056715
-1.0063900000000001,-0.018175,0.056900000000000006
-1.0071150000000002,-0.01825,0.057194999999999996
-1.0072800000000002,-0.018124999999999995,0.05738999999999998
-1.0072199999999998,-0.018115,0.057374999999999995
-1.0071050000000001,-0.018334999999999997,0.057465
-1.00709,-0.01834,0.057295
-1.006745,-0.018284999999999996,0.05722499999999999
-1.006745,-0.018365,0.057205000000000006
-1.0069000000000001,-0.018379999999999997,0.05722999999999999
-1.006865,-0.01838,0.057335000000000004
-1.0070350000000003,-0.018365,0.05722000000000001
-1.006855,-0.018279999999999998,0.057185
-1.00684,-0.018215000000000002,0.05721999999999999
-1.0069650000000003,-0.018349999999999998,0.057254999999999986
-1.0070850000000002,-0.01838,0.057124999999999995
-1.0071600000000003,-0.01826,0.057115000000000006
-1.006915,-0.018449999999999998,0.057179999999999995
-1.00676,-0.018444999999999996,0.05713499999999999
-1.00693,-0.018355000000000003,0.0573
-1.0069549999999998,-0.0184,0.05730999999999999
-1.007,-0.018345,0.05734
-1.007145,-0.018325,0.05738
-1.0071950000000003,-0.018395,0.057340000000000016
-1.007345,-0.018225,0.05734
-1.0073050000000001,-0.018145,0.05742500000000002
-1.006935,-0.018465,0.05743
-1.00674,-0.018439999999999998,0.05715
-1.0070700000000001,-0.018405,0.057205000000000006
-1.0072550000000002,-0.018480000000000003,0.057060000000000013
-1.00703,-0.01839,0.05667500000000001
-1.0068499999999998,-0.01841,0.056584999999999996
-1.006845,-0.018335,0.05628000000000001
-1.00718,-0.018174999999999997,0.05610999999999999
-1.007135,-0.018315,0.05607500000000001
-1.0069150000000002,-0.018329999999999996,0.056055
-1.007085,-0.018224999999999998,0.05594499999999999
-1.0071100000000002,-0.018299999999999997,0.055515
-1.0068199999999998,-0.018445,0.05547
-1.00685,-0.018645000000000002,0.056005000000000006
-1.0067249999999999,-0.018705,0.056519999999999994
-1.00664,-0.01858,0.056575
-1.00705,-0.018535,0.05620000000000001
-1.007005,-0.01843,0.056135000000000004
-1.0068900000000003,-0.018494999999999998,0.05604
-1.007145,-0.018535000000000003,0.05564
-1.0069599999999999,-0.01849,0.055775000000000005
-1.00672,-0.018535,0.05602499999999999
-1.0067349999999997,-0.018505,0.056369999999999996
-1.0066699999999997,-0.018594999999999997,0.056825
-1.00677,-0.018525,0.056735000000000015
-1.0069099999999997,-0.018455000000000003,0.056669999999999984
-1.0063049999999998,-0.018595,0.056605
-1.0062400000000002,-0.018895,0.05656500000000001
-1.0070000000000001,-0.018775,0.05682
-1.0071600000000003,-0.018654999999999998,0.057055
-1.0074049999999999,-0.018709999999999997,0.05695499999999999
-1.00723,-0.018475000000000002,0.05678000000000001
-1.0070999999999999,-0.01851,0.057190000000000005
-1.0074850000000002,-0.018654999999999998,0.05736
-1.0072050000000001,-0.018730000000000004,0.05726
-1.00697,-0.018734999999999998,0.057304999999999995
-1.007035,-0.018594999999999997,0.057019999999999994
-1.0069,-0.018494999999999994,0.05685
-1.007045,-0.018564999999999998,0.05707500000000001
-1.00669,-0.018739999999999996,0.057010000000000005
-1.0065250000000001,-0.01875,0.056940000000000004
-1.006935,-0.018705,0.05706499999999999
-1.007215,-0.018615000000000003,0.057045
-1.0070449999999997,-0.018395,0.057125
-1.0069899999999998,-0.018475,0.05715
-1.00703,-0.018340000000000002,0.05678999999999999
-1.0069749999999997,-0.01831,0.05663499999999999
-1.007295,-0.018524999999999996,0.056784999999999995
-1.0070999999999999,-0.018404999999999998,0.05696
-1.007015,-0.01848,0.057105
-1.007095,-0.018409999999999996,0.056855
-1.00687,-0.018330000000000006,0.057060000000000013
-1.00675,-0.018499999999999996,0.05714499999999999
-1.0068050000000002,-0.018685,0.056940000000000004
-1.007045,-0.01874,0.05697500000000001
-1.0071,-0.018615,0.056940000000000004
-1.00686,-0.01855,0.05721
-1.0069700000000001,-0.01853,0.05718000000000001
-1.007075,-0.018494999999999998,0.05704
-1.0068599999999999,-0.018664999999999998,0.056975
-1.006675,-0.018584999999999997,0.056929999999999994
-1.0068050000000002,-0.01854,0.056995000000000004
-1.0067249999999999,-0.01868,0.05684999999999999
-1.00644,-0.018645000000000002,0.056735
-1.00691,-0.01849,0.05655
-1.0069449999999998,-0.018455,0.056220000000000006
-1.0067400000000002,-0.018610000000000005,0.056330000000000005
-1.0070299999999999,-0.018554999999999995,0.05688
-1.006845,-0.018514999999999997,0.057104999999999996
-1.0069849999999998,-0.018429999999999995,0.057059999999999986
-1.0069350000000001,-0.01836,0.05741999999999999
-1.006385,-0.018355,0.057555
-1.006475,-0.01853,0.05734
-1.00692,-0.018574999999999998,0.057414999999999994
-1.00688,-0.018455,0.05739000000000001
-1.006555,-0.01863,0.05712999999999998
-1.0068350000000001,-0.018749999999999996,0.057235
-1.00685,-0.0186,0.057409999999999996
-1.0067400000000002,-0.018345,0.05735499999999999
-1.00706,-0.018415,0.05735500000000001
-1.0072199999999998,-0.018359999999999998,0.057035
-1.0071999999999999,-0.01829,0.05700000000000001
-1.0071450000000002,-0.018645000000000002,0.057495000000000004
-1.0070299999999999,-0.018585,0.05766
-1.00703,-0.01841,0.05766000000000001
-1.007025,-0.018459999999999997,0.05756
-1.0068750000000004,-0.01853,0.057499999999999996
-1.006945,-0.018585,0.05735500000000001
-1.0068900000000003,-0.018564999999999998,0.05724
-1.0068100000000002,-0.018615,0.05727
-1.00722,-0.018709999999999997,0.057175
-1.007315,-0.018705,0.057050000000000003
-1.0069649999999999,-0.018585,0.05706
-1.0068199999999998,-0.018590000000000002,0.05752999999999999
-1.0068750000000002,-0.018589999999999995,0.057815000000000005
-1.0069549999999998,-0.018475000000000002,0.05798
-1.0069299999999999,-0.018414999999999997,0.05788
-1.006665,-0.018494999999999998,0.057604999999999996
-1.00657,-0.018615,0.057645
-1.006885,-0.018634999999999995,0.057679999999999995
-1.007025,-0.01848,0.057715
-1.006985,-0.018494999999999994,0.057775
-1.0070449999999997,-0.018615,0.05770499999999999
-1.007085,-0.01862,0.057920000000000006
-1.007315,-0.01838,0.05792000000000001
-1.0070999999999999,-0.018185,0.057620000000000005
-1.00682,-0.018394999999999998,0.057479999999999996
-1.0070450000000002,-0.018539999999999994,0.057374999999999995
-1.00702,-0.018529999999999998,0.057609999999999995
-1.0070450000000002,-0.018549999999999997,0.05768000000000001
-1.006965,-0.0186,0.05761000000000001
-1.0067700000000002,-0.0185,0.05772000000000001
-1.007035,-0.018525000000000003,0.05781500000000002
-1.00715,-0.018635,0.057675
-1.006945,-0.018665,0.057535
-1.00702,-0.018620000000000005,0.05765500000000001
-1.00708,-0.018565,0.05771
-1.0069949999999999,-0.018525000000000003,0.057615000000000006
-1.0068149999999998,-0.01849,0.05753500000000002
-1.006925,-0.01862,0.057569999999999996
-1.0068899999999998,-0.018529999999999998,0.057645
-1.0067899999999999,-0.018550000000000004,0.057499999999999996
-1.007005,-0.0187,0.057295000000000006
-1.006825,-0.01849,0.05752
-1.00666,-0.018529999999999998,0.057734999999999995
-1.0067049999999997,-0.018609999999999995,0.057755
-1.00684,-0.0185,0.05776500000000001
-1.0069450000000002,-0.018510000000000002,0.057490000000000006
-1.0068300000000001,-0.018505,0.057175
-1.0069500000000002,-0.018514999999999997,0.057115000000000006
-1.0069,-0.01851,0.057015
-1.006735,-0.018564999999999998,0.057135000000000005
-1.0068099999999998,-0.018660000000000003,0.05736000000000001
-1.0069349999999997,-0.01863,0.057179999999999995
-1.00718,-0.018395,0.057199999999999994
-1.007125,-0.01845,0.05716
-1.00707,-0.018475,0.056864999999999985
-1.00704,-0.018525,0.05668000000000001
-1.007175,-0.018635,0.05665499999999999
-1.007015,-0.018569999999999996,0.056830000000000006
-1.006555,-0.018715,0.05686
-1.0068900000000003,-0.018645,0.056920000000000005
-1.0070650000000003,-0.018494999999999998,0.05720000000000001
-1.0069649999999999,-0.0185,0.05709499999999999
-1.0069599999999999,-0.018555,0.057109999999999994
-1.0066149999999996,-0.018575,0.057120000000000004
-1.0066099999999998,-0.01852,0.05716
-1.0068799999999998,-0.018570000000000003,0.05736999999999999
-1.0068499999999998,-0.01854,0.057194999999999996
-1.006795,-0.018545,0.05696
-1.0069150000000002,-0.01857,0.056799999999999996
-1.00727,-0.01851,0.056679999999999994
-1.0071800000000002,-0.018649999999999993,0.056755000000000014
-1.0069149999999998,-0.01857,0.05669
-1.00667,-0.018459999999999997,0.056525000000000006
-1.006625,-0.018545,0.05667
-1.007045,-0.018555000000000002,0.056815000000000004
-1.0068300000000001,-0.018535,0.056995
-1.0064800000000003,-0.01854,0.056999999999999995
-1.00663,-0.01873,0.05687
-1.006745,-0.018775,0.05699499999999998
-1.0067249999999999,-0.01866,0.057295000000000006
-1.006745,-0.018795,0.057490000000000006
-1.0069000000000001,-0.018855,0.057530000000000005
-1.007235,-0.018654999999999998,0.057625
-1.00726,-0.018469999999999997,0.05778500000000001
-1.00698,-0.018420000000000002,0.057719999999999994
-1.0069100000000002,-0.018465000000000002,0.05772999999999999
-1.006925,-0.018444999999999996,0.057465
-1.0069500000000002,-0.0183,0.057005000000000014
-1.0069500000000002,-0.018495,0.05684
-1.0067999999999997,-0.018685,0.056545
-1.00674,-0.01843,0.05652
-1.0068499999999998,-0.018505,0.05707499999999999
-1.00689,-0.018705,0.05770499999999999
-1.00679,-0.018750000000000003,0.05776
-1.006965,-0.018639999999999997,0.057615000000000006
-1.0070400000000002,-0.018439999999999998,0.057535
-1.006815,-0.01843,0.05734
-1.0069,-0.01843,0.057100000000000005
-1.00697,-0.018504999999999997,0.05717
-1.00698,-0.018555000000000002,0.05743999999999999
-1.007015,-0.0186,0.05756
-1.00688,-0.018565000000000005,0.05759000000000001
-1.0067999999999997,-0.018425,0.057620000000000005
-1.006875,-0.018595000000000004,0.05772500000000001
-1.0071300000000003,-0.018619999999999998,0.05772000000000001
-1.007045,-0.01855,0.057885000000000006
-1.00674,-0.018575,0.05770499999999999
-1.006655,-0.01845,0.05746
-1.0067650000000001,-0.018524999999999996,0.05759500000000001
-1.00696,-0.018629999999999997,0.057675
-1.0066799999999998,-0.018725,0.057789999999999994
-1.00659,-0.018669999999999996,0.058050000000000004
-1.00691,-0.0186,0.05809500000000001
-1.0068800000000002,-0.018615,0.05776499999999999
-1.0067650000000001,-0.018605,0.057795
-1.006885,-0.0188,0.057995
-1.00686,-0.01875,0.058035
-1.0069400000000002,-0.018535000000000003,0.058105
-1.00698,-0.018629999999999994,0.058100000000000006
-1.0071,-0.018489999999999996,0.057804999999999995
-1.00711,-0.018385000000000002,0.05735
-1.00685,-0.018564999999999998,0.057409999999999996
-1.0068350000000001,-0.01845,0.0573
-1.00692,-0.018535,0.05719500000000002
-1.0069899999999998,-0.018705,0.057430000000000016
-1.006815,-0.018590000000000002,0.05722999999999999
-1.006935,-0.018410000000000003,0.05708
-1.006875,-0.018344999999999997,0.056905
-1.006525,-0.01854,0.05654
-1.006805,-0.018605000000000003,0.056604999999999996
-1.0069900000000003,-0.018665,0.05693999999999999
-1.00678,-0.01863,0.057109999999999994
-1.006755,-0.018495000000000004,0.057429999999999995
-1.0068249999999996,-0.018615,0.057440000000000005
-1.007065,-0.01872,0.05691999999999999
-1.0072249999999998,-0.018545,0.05664999999999999
-1.0069350000000001,-0.018279999999999998,0.05652999999999999
-1.0070350000000001,-0.018220000000000004,0.056315000000000004
-1.007325,-0.018404999999999998,0.056345
-1.00691,-0.018555000000000002,0.05634
-1.0067249999999999,-0.018605,0.05647
-1.00685,-0.018819999999999996,0.056819999999999996
-1.006855,-0.018709999999999997,0.057039999999999993
-1.00712,-0.018470000000000004,0.057104999999999996
-1.00698,-0.018585,0.05689999999999999
-1.0067549999999998,-0.018584999999999997,0.05679000000000001
-1.006875,-0.01866,0.056714999999999995
-1.0070050000000001,-0.018745,0.05675
-1.007085,-0.01856,0.056984999999999994
-1.007055,-0.018594999999999997,0.05691499999999999
-1.00702,-0.018575,0.056935
-1.0067749999999998,-0.018484999999999998,0.0571
-1.00669,-0.018564999999999998,0.057304999999999995
-1.0056349999999998,-0.018784999999999996,0.056889999999999996
-1.0041950000000002,-0.0191,0.055795
-1.0040550000000004,-0.019594999999999998,0.054005000000000004
-1.006275,-0.01942,0.054325
-1.0075299999999998,-0.018940000000000002,0.05702499999999999
-1.00662,-0.018525,0.058225000000000006
-1.00659,-0.018275000000000003,0.058109999999999995
-1.006885,-0.018345,0.057815000000000005
-1.00732,-0.018510000000000002,0.056999999999999995
-1.00705,-0.018959999999999998,0.056995
-1.006865,-0.018705,0.05715
-1.0071400000000001,-0.018439999999999998,0.056679999999999994
-1.006995,-0.01854,0.057175
-1.0070000000000001,-0.018564999999999998,0.057245000000000004
-1.007305,-0.018835,0.056325
-1.0072050000000001,-0.018865,0.056025000000000005
-1.00679,-0.018655,0.056945
-1.0067099999999998,-0.018295000000000002,0.058124999999999996
-1.005835,-0.018764999999999997,0.05763
-1.006265,-0.019015,0.055775
-1.0069,-0.014680000000000004,0.052390000000000006
-1.0053800000000002,-0.00361,0.072495
-0.9976650000000001,0.022145,0.09961500000000002
-0.9912900000000002,0.038625,0.032935
-1.0046,0.016515,-0.026799999999999997
-1.0119950000000002,-0.020935,-0.005000000000000002
-1.0081699999999998,-0.02682,-0.003905000000000001
-1.009725,-0.014145,-0.01476
-1.0098850000000001,-0.013205,-0.016640000000000002
-1.009705,-0.013930000000000001,-0.017070000000000002
-1.00914,-0.013605000000000003,-0.017115000000000002
-1.0094050000000003,-0.012879999999999999,-0.017374999999999998
-1.00978,-0.0129,-0.017345000000000003
-1.0095750000000003,-0.01295,-0.016985
-1.009605,-0.012735,-0.0172
-1.01004,-0.01285,-0.017485000000000004
-1.010595,-0.012975,-0.017405
-1.0112,-0.013105,-0.017210000000000003
-1.01183,-0.01245,-0.0172
-1.010845,-0.013735,-0.017625000000000005
-1.008035,-0.015960000000000002,-0.016184999999999998
-1.0055,-0.026525,-0.05131
-1.006105,-0.020374999999999997,-0.036430000000000004
-1.0112,-0.005574999999999998,0.00355
-1.0122500000000003,-0.01065,-0.010365000000000001
-1.00979,-0.013144999999999999,-0.01363
-1.0093199999999998,-0.01217,-0.0152
-1.009555,-0.012180000000000002,-0.015655000000000002
-1.0097850000000002,-0.013205,-0.015325
-1.009355,-0.013775,-0.014825000000000001
-1.0098600000000002,-0.013785,-0.014795000000000003
-1.0101849999999999,-0.013845,-0.01502
-1.0098850000000001,-0.013870000000000002,-0.015200000000000002
-1.009855,-0.013739999999999999,-0.015090000000000001
-1.0098550000000002,-0.01381,-0.014904999999999996
-1.00968,-0.01391,-0.014970000000000002
-1.00971,-0.013955,-0.014934999999999999
-1.00977,-0.014004999999999998,-0.014800000000000002
-1.00973,-0.01386,-0.014925000000000003
-1.009685,-0.013950000000000004,-0.015085000000000005
-1.0097550000000002,-0.013879999999999998,-0.014925000000000003
-1.0097349999999998,-0.013825,-0.014650000000000005
-1.00999,-0.013935,-0.01452
-1.01017,-0.013935000000000003,-0.014570000000000003
-1.009815,-0.01384,-0.01487
-1.0096650000000003,-0.013869999999999999,-0.014790000000000001
-1.009905,-0.013924999999999998,-0.014454999999999999
-1.0098749999999999,-0.013889999999999996,-0.014505000000000004
-1.0097749999999999,-0.013930000000000001,-0.014530000000000001
-1.009645,-0.013795000000000002,-0.014770000000000002
-1.009525,-0.013725000000000001,-0.01481
-1.00987,-0.013855000000000003,-0.014514999999999997
-1.009895,-0.013864999999999999,-0.014705000000000001
-1.0096950000000002,-0.013905,-0.01472
-1.0098749999999999,-0.014015000000000003,-0.014465
-1.009895,-0.013870000000000002,-0.014485000000000001
-1.009965,-0.013870000000000002,-0.014565
-1.010055,-0.013940000000000003,-0.01456
-1.009755,-0.013715,-0.014725000000000002
-1.01001,-0.013775,-0.014959999999999998
-1.01041,-0.01394,-0.014834999999999997
-1.01002,-0.01377,-0.015110000000000002
-1.0099949999999998,-0.013819999999999999,-0.015330000000000002
-1.0102600000000002,-0.014044999999999998,-0.014910000000000001
-1.01008,-0.013909999999999997,-0.014755
-1.00996,-0.013779999999999997,-0.014860000000000002
-1.0097600000000002,-0.013815,-0.014659999999999998
-1.0097099999999999,-0.013904999999999997,-0.014849999999999999
-1.0101950000000002,-0.013635,-0.015545
-1.01036,-0.013669999999999998,-0.01573
-1.0099049999999998,-0.01406,-0.015595000000000001
-1.01005,-0.013935,-0.015655
-1.0101999999999998,-0.013934999999999998,-0.015680000000000003
-1.009875,-0.013904999999999997,-0.01543
-1.0102699999999998,-0.01394,-0.015289999999999998
-1.010155,-0.014175000000000002,-0.015245
-1.009635,-0.014125000000000002,-0.015245000000000003
-1.01004,-0.01391,-0.01512
-1.0102800000000003,-0.01383,-0.015205
-1.009985,-0.013980000000000001,-0.015154999999999998
-1.0100650000000002,-0.013970000000000002,-0.014860000000000003
-1.0099550000000002,-0.013845,-0.014735000000000002
-1.0098050000000005,-0.013995000000000002,-0.014595
-1.01,-0.013895000000000001,-0.01487
-1.0098399999999998,-0.013900000000000001,-0.014950000000000001
-1.009545,-0.014110000000000001,-0.014654999999999998
-1.009425,-0.014070000000000003,-0.014455
-1.0094799999999997,-0.013999999999999999,-0.014370000000000003
-1.0097900000000002,-0.013885,-0.014565000000000003
-1.0098949999999998,-0.013994999999999999,-0.014715
-1.00968,-0.013919999999999998,-0.014775
-1.0097749999999999,-0.013895000000000001,-0.01499
-1.0100600000000002,-0.014090000000000002,-0.015015
-1.0099150000000001,-0.013854999999999998,-0.015035000000000001
-1.0098200000000002,-0.013765,-0.01515
-1.01004,-0.013985000000000001,-0.014985000000000002
-1.0099699999999998,-0.014180000000000002,-0.01488
-1.00979,-0.014250000000000002,-0.014835000000000004
-1.00975,-0.014305000000000002,-0.014805000000000002
-1.009625,-0.014215000000000002,-0.015015
-1.00969,-0.013879999999999998,-0.01499
-1.00989,-0.013845000000000001,-0.014860000000000002
-1.01005,-0.013919999999999998,-0.015055000000000002
-1.0102350000000002,-0.013990000000000002,-0.01531
-1.01006,-0.014150000000000001,-0.015420000000000003
-1.009995,-0.014075,-0.015324999999999997
-1.0100850000000001,-0.013920000000000002,-0.015290000000000002
-1.0100449999999999,-0.013990000000000002,-0.0153
-1.0099400000000003,-0.013930000000000001,-0.015340000000000001
-1.00988,-0.013895000000000001,-0.015350000000000003
-1.0098850000000001,-0.014115000000000003,-0.015175
-1.0099449999999999,-0.014195000000000003,-0.015090000000000003
-1.00989,-0.014095000000000002,-0.015084999999999998
-1.009805,-0.013945000000000003,-0.015045
-1.009875,-0.013970000000000002,-0.014675000000000002
-1.0097550000000002,-0.014015,-0.014600000000000002
-1.009875,-0.013885,-0.014915000000000001
-1.0101250000000002,-0.013869999999999999,-0.015000000000000003
-1.009945,-0.01396,-0.015220000000000001
-1.0097799999999997,-0.014104999999999998,-0.01525
-1.00993,-0.014025000000000001,-0.01497
-1.01001,-0.013775,-0.014860000000000002
-1.0098449999999999,-0.013985000000000001,-0.014885
-1.010095,-0.014020000000000001,-0.014870000000000003
-1.0100399999999996,-0.013980000000000003,-0.014815
-1.009785,-0.014104999999999998,-0.014825
-1.009935,-0.0139,-0.014855000000000002
-1.009845,-0.013735,-0.01476
-1.00986,-0.013750000000000002,-0.014660000000000001
-1.00976,-0.013944999999999999,-0.014480000000000002
-1.0097599999999998,-0.014065,-0.01444
-1.00995,-0.01414,-0.014499999999999999
-1.00985,-0.014095,-0.01456
-1.009735,-0.013869999999999999,-0.014445
-1.009785,-0.013994999999999999,-0.01439
-1.0100650000000002,-0.014050000000000002,-0.014800000000000002
-1.0101,-0.014020000000000001,-0.014805000000000002
-1.01001,-0.01421,-0.014825
-1.01019,-0.01408,-0.014955000000000005
-1.010255,-0.013904999999999997,-0.014865000000000003
-1.01019,-0.013885000000000003,-0.014865
-1.0100100000000003,-0.013804999999999998,-0.0149
-1.00988,-0.014015000000000003,-0.014905000000000002
-1.0100350000000002,-0.014134999999999998,-0.01482
-1.00988,-0.013994999999999999,-0.014660000000000001
-1.009915,-0.014105000000000001,-0.014695
-1.009875,-0.014119999999999999,-0.01499
-1.0097950000000002,-0.014010000000000003,-0.015210000000000001
-1.0097300000000002,-0.014140000000000003,-0.01527
-1.0097999999999998,-0.014129999999999998,-0.015210000000000001
-1.010135,-0.01404,-0.01527
-1.009515,-0.01413,-0.015375000000000003
-1.0095500000000002,-0.014165000000000002,-0.015165000000000001
-1.00996,-0.014095,-0.014909999999999998
-1.0096049999999999,-0.014125000000000002,-0.014860000000000002
-1.00966,-0.013970000000000002,-0.014785000000000001
-1.00988,-0.013849999999999998,-0.014794999999999999
-1.009425,-0.01416,-0.014794999999999999
-1.009465,-0.014249999999999999,-0.014610000000000001
-1.0097999999999998,-0.014180000000000002,-0.014555000000000002
-1.0098649999999998,-0.014064999999999998,-0.01452
-1.01019,-0.01394,-0.01451
-1.010145,-0.013905,-0.01451
-1.009745,-0.013955,-0.014335
-1.0097550000000002,-0.014114999999999999,-0.014570000000000003
-1.0100700000000002,-0.01422,-0.014860000000000002
-1.010065,-0.014279999999999998,-0.014850000000000002
-1.0100799999999999,-0.014250000000000002,-0.015025
-1.0099299999999998,-0.014230000000000001,-0.014985000000000002
-1.009515,-0.014365000000000003,-0.014685000000000004
-1.009765,-0.0144,-0.014475000000000002
-1.0099500000000001,-0.01433,-0.014625000000000003
-1.00977,-0.01431,-0.014735000000000002
-1.009905,-0.014265,-0.014695000000000003
-1.009965,-0.014280000000000001,-0.014879999999999999
-1.00977,-0.014299999999999998,-0.015045
-1.0097450000000001,-0.014124999999999999,-0.015135000000000004
-1.010015,-0.014005,-0.015159999999999998
-1.0097000000000003,-0.014055000000000002,-0.01507
-1.00941,-0.014135,-0.015110000000000002
-1.0094649999999998,-0.014245000000000002,-0.015110000000000002
-1.0095200000000002,-0.014124999999999999,-0.015040000000000003
-1.009965,-0.014054999999999998,-0.015234999999999999
-1.010115,-0.01403,-0.015325000000000002
-1.0101650000000002,-0.014030000000000004,-0.015170000000000003
-1.0101200000000001,-0.014145,-0.015005
-1.0098699999999998,-0.014199999999999999,-0.015109999999999998
-1.01015,-0.014190000000000003,-0.015265
-1.0100099999999999,-0.014179999999999998,-0.015155000000000002
-1.00949,-0.01439,-0.015065000000000004
-1.00979,-0.014434999999999998,-0.01501
-1.0100349999999998,-0.01427,-0.014900000000000002
-1.00972,-0.014124999999999999,-0.014615000000000003
-1.009875,-0.014020000000000001,-0.014525000000000001
-1.0100399999999998,-0.014119999999999999,-0.014775
-1.0099000000000002,-0.014015000000000003,-0.015035000000000003
-1.0099500000000001,-0.014145000000000005,-0.01487
-1.010265,-0.014215000000000002,-0.014480000000000003
-1.01028,-0.014114999999999999,-0.014555000000000002
-1.009795,-0.014145000000000005,-0.01469
-1.0098550000000002,-0.01406,-0.01476
-1.01011,-0.014230000000000001,-0.014745
-1.0098999999999996,-0.014180000000000002,-0.014815000000000004
-1.00982,-0.014085000000000004,-0.014615
-1.01001,-0.014245000000000002,-0.014500000000000002
-1.009965,-0.014279999999999998,-0.014705000000000005
-1.009835,-0.014335,-0.014600000000000005
-1.0098600000000002,-0.014435000000000003,-0.014670000000000002
-1.009785,-0.01407,-0.014744999999999998
-1.0099550000000002,-0.013645000000000001,-0.014800000000000002
-1.009985,-0.013725000000000001,-0.014784999999999998
-1.0098950000000002,-0.01401,-0.01465
-1.0102950000000002,-0.014049999999999998,-0.01481
-1.0102699999999998,-0.013965,-0.01484
-1.0099550000000002,-0.013970000000000002,-0.014860000000000002
-1.0099399999999998,-0.014145,-0.01497
-1.0100700000000002,-0.014195,-0.014855000000000002
-1.010225,-0.014045000000000002,-0.014785000000000001
-1.010045,-0.014085,-0.014815000000000004
-1.0101149999999997,-0.014129999999999998,-0.014804999999999999
-1.01029,-0.014085,-0.014715
-1.0100100000000003,-0.014020000000000001,-0.014625000000000003
-1.009935,-0.014209999999999997,-0.014735000000000002
-1.0099850000000001,-0.014225000000000002,-0.014730000000000002
-1.009775,-0.014169999999999999,-0.014705000000000001
-1.009845,-0.014090000000000002,-0.01482
-1.0099649999999998,-0.014074999999999999,-0.014645
-1.00984,-0.014095000000000002,-0.01471
-1.00985,-0.013965,-0.014845000000000002
-1.0098999999999998,-0.014110000000000001,-0.014790000000000003
-1.00982,-0.014174999999999998,-0.014855000000000002
-1.009915,-0.014185,-0.014875000000000003
-1.0100900000000002,-0.01419,-0.014879999999999999
-1.009815,-0.014150000000000001,-0.014714999999999997
-1.009695,-0.014005,-0.014750000000000003
-1.0098150000000001,-0.01391,-0.014815
-1.0097199999999997,-0.013965,-0.014635
-1.0099249999999997,-0.014000000000000004,-0.014575000000000001
-1.0100049999999998,-0.01409,-0.014875000000000003
-1.009575,-0.01413,-0.01519
-1.0097800000000003,-0.014115000000000003,-0.015065
-1.0102799999999998,-0.013994999999999999,-0.014945000000000003
-1.010065,-0.013860000000000003,-0.015070000000000004
-1.00991,-0.013965,-0.015095000000000003
-1.0100349999999998,-0.01394,-0.014990000000000003
-1.0101200000000001,-0.013845000000000001,-0.014870000000000003
-1.010185,-0.013980000000000001,-0.014764999999999997
-1.0100349999999998,-0.013925000000000003,-0.014784999999999998
-1.010255,-0.01391,-0.01481
-1.010475,-0.013900000000000001,-0.01488
-1.010125,-0.013885,-0.014674999999999999
-1.0101150000000003,-0.013909999999999997,-0.014550000000000002
-1.010145,-0.013945000000000003,-0.014635
-1.00988,-0.014050000000000002,-0.014485000000000001
-1.0098850000000001,-0.014114999999999999,-0.014245000000000002
-1.010005,-0.014110000000000001,-0.014309999999999998
-1.0101100000000003,-0.014089999999999997,-0.014679999999999999
-1.00995,-0.014015000000000003,-0.014825
-1.009865,-0.01394,-0.014685
-1.0099799999999999,-0.01394,-0.014614999999999998
-1.0098600000000002,-0.013885,-0.014780000000000001
-1.0098799999999999,-0.013929999999999998,-0.014885000000000004
-1.0100200000000004,-0.01408,-0.01481
-1.01017,-0.014185000000000003,-0.014785000000000001
-1.0103900000000001,-0.014075,-0.014754999999999999
-1.0102700000000002,-0.013924999999999998,-0.014680000000000002
-1.01003,-0.013905000000000004,-0.014715
-1.009905,-0.013945000000000003,-0.014670000000000002
-1.010055,-0.013885,-0.014695
-1.01013,-0.013815,-0.01476
-1.010065,-0.013925000000000002,-0.014805000000000002
-1.0103849999999999,-0.014015000000000003,-0.014915000000000001
-1.010335,-0.013924999999999998,-0.014924999999999999
-1.0100400000000003,-0.014000000000000002,-0.014835000000000001
-1.0098049999999998,-0.014095000000000002,-0.014800000000000002
-1.0099000000000002,-0.01397,-0.014894999999999997
-1.00977,-0.013975000000000001,-0.01474
-1.009785,-0.01402,-0.014655000000000001
-1.0101599999999997,-0.013835,-0.014905000000000005
-1.01014,-0.01379,-0.015080000000000001
-1.0101049999999998,-0.013870000000000002,-0.015115
-1.0099399999999998,-0.013945000000000003,-0.015015
-1.0100099999999999,-0.014124999999999999,-0.014835000000000001
-1.010045,-0.014195,-0.014835000000000001
-1.01013,-0.014215,-0.01494
-1.01014,-0.014040000000000002,-0.014995
-1.00977,-0.013790000000000002,-0.015140000000000004
-1.0098449999999999,-0.013855000000000001,-0.01515
-1.00989,-0.014065000000000003,-0.014945000000000003
-1.009815,-0.014085,-0.01477
-1.010035,-0.01403,-0.014695
-1.0101049999999998,-0.014065,-0.01476
-1.0100500000000001,-0.01403,-0.014865
-1.0098049999999998,-0.014029999999999997,-0.014835000000000001
-1.0095649999999998,-0.014165,-0.014595
-1.00953,-0.01419,-0.014585
-1.00984,-0.014095,-0.014705
-1.0097600000000002,-0.013975000000000005,-0.014625000000000003
-1.00958,-0.013944999999999999,-0.014559999999999998
-1.00979,-0.014085,-0.014534999999999998
-1.0097800000000001,-0.014110000000000001,-0.014585
-1.0099799999999999,-0.014070000000000003,-0.01451
-1.010215,-0.01414,-0.01445
-1.010045,-0.014145,-0.01477
-1.00994,-0.01404,-0.014830000000000001
-1.0099550000000002,-0.013994999999999999,-0.0149
-1.0096250000000002,-0.014074999999999999,-0.015215000000000001
-1.00976,-0.014049999999999998,-0.015100000000000002
-1.0100800000000003,-0.014049999999999998,-0.014750000000000003
-1.0099600000000002,-0.01416,-0.014775000000000002
-1.0101400000000003,-0.01401,-0.015015
-1.010125,-0.013905,-0.015110000000000002
-1.00997,-0.014095,-0.015045000000000003
-1.00998,-0.014025000000000001,-0.014950000000000001
-1.0100000000000002,-0.01396,-0.015100000000000002
-1.0102499999999999,-0.014039999999999997,-0.015339999999999998
-1.0102900000000001,-0.01397,-0.015224999999999999
-1.010135,-0.014059999999999998,-0.015040000000000001
-1.010295,-0.01394,-0.015020000000000002
-1.01035,-0.013915,-0.014924999999999999
-1.0101000000000002,-0.014025,-0.014875
-1.010075,-0.013975000000000001,-0.014915000000000001
-1.0101400000000003,-0.014035,-0.01499
-1.01017,-0.014025000000000001,-0.015095000000000003
-1.010365,-0.013819999999999999,-0.015224999999999999
-1.0103450000000003,-0.013895000000000001,-0.015040000000000001
-1.01012,-0.014104999999999998,-0.014724999999999999
-1.0100149999999999,-0.014205,-0.014879999999999999
-1.010085,-0.01422,-0.015130000000000001
-1.010155,-0.014114999999999999,-0.015095000000000006
-1.0100250000000002,-0.013995000000000002,-0.015055000000000002
-1.009865,-0.014090000000000002,-0.014980000000000002
-1.009965,-0.014174999999999998,-0.014905000000000002
-1.01029,-0.01394,-0.014775
-1.0102350000000002,-0.014125000000000002,-0.014760000000000004
-1.0100850000000001,-0.01432,-0.014794999999999999
-1.01,-0.014180000000000002,-0.014760000000000004
-1.010045,-0.013965,-0.014895000000000002
-1.0101799999999999,-0.013930000000000001,-0.014785000000000001
-1.010015,-0.014045000000000002,-0.014905000000000002
-1.0100500000000001,-0.014035,-0.015055000000000002
-1.01016,-0.01424,-0.014935
-1.01017,-0.01429,-0.014809999999999995
-1.010075,-0.014235000000000001,-0.01482
-1.0100900000000002,-0.014244999999999999,-0.01495
-1.01018,-0.014155000000000001,-0.014795000000000003
-1.0100799999999999,-0.014015,-0.014685
-1.0099200000000002,-0.01389,-0.01484
-1.00982,-0.01396,-0.014934999999999999
-1.00987,-0.014075,-0.01494
-1.0099550000000002,-0.014114999999999997,-0.015104999999999997
-1.0100550000000001,-0.014169999999999999,-0.015040000000000001
-1.0097749999999999,-0.01409,-0.014924999999999999
-1.0098,-0.013749999999999998,-0.014965000000000001
-1.010075,-0.01378,-0.015170000000000003
-1.00996,-0.013970000000000002,-0.015175000000000003
-1.00994,-0.014044999999999998,-0.015015
-1.0098699999999998,-0.01395,-0.015025000000000002
-1.0101,-0.01383,-0.015065
-1.010375,-0.013875000000000002,-0.015290000000000002
-1.0104,-0.01391,-0.015395
-1.0103849999999999,-0.013965000000000002,-0.015305000000000003
-1.0101499999999999,-0.01396,-0.015160000000000003
-1.0100400000000003,-0.014049999999999998,-0.01487
-1.0099250000000002,-0.013895000000000001,-0.014765000000000004
-1.010055,-0.013840000000000002,-0.014789999999999998
-1.0102249999999997,-0.013970000000000002,-0.014985000000000004
-1.0098950000000002,-0.01402,-0.015045
-1.00987,-0.01406,-0.015075000000000002
-1.0100599999999997,-0.014015000000000003,-0.01514
-1.00998,-0.014104999999999998,-0.014765
-1.0101849999999999,-0.014235000000000001,-0.014730000000000004
-1.0102499999999999,-0.0142,-0.014775000000000002
-1.0102,-0.014164999999999997,-0.014754999999999999
-1.01026,-0.014110000000000001,-0.014924999999999999
-1.010135,-0.014049999999999998,-0.014904999999999998
-1.0102600000000002,-0.014204999999999999,-0.015005000000000001
-1.01023,-0.014135,-0.015040000000000001
-1.0099300000000002,-0.013905,-0.014914999999999998
-1.00996,-0.014000000000000002,-0.014960000000000001
-1.010145,-0.013965000000000002,-0.015025
-1.0098900000000002,-0.013725000000000001,-0.01499
-1.009855,-0.013795000000000002,-0.014910000000000001
-1.00996,-0.013810000000000003,-0.014945
-1.0097850000000002,-0.013744999999999999,-0.015005000000000001
-1.0101900000000001,-0.01397,-0.014925000000000003
-1.0103000000000002,-0.014080000000000004,-0.014945
-1.009895,-0.013955,-0.014895000000000002
-1.0100799999999999,-0.013825,-0.014825
-1.0102499999999999,-0.013900000000000001,-0.014835000000000001
-1.0100200000000001,-0.014095,-0.014900000000000002
-1.00977,-0.014015000000000003,-0.014955000000000001
-1.00998,-0.013845,-0.015145
-1.010175,-0.013805000000000001,-0.01527
-1.01001,-0.013850000000000001,-0.015155000000000002
-1.0100500000000001,-0.01395,-0.015105000000000002
-1.01005,-0.013955,-0.015084999999999998
-1.010045,-0.013845000000000001,-0.01525
-1.0099500000000003,-0.013955,-0.01525
-1.0100450000000003,-0.01403,-0.015135000000000001
-1.0102249999999997,-0.014010000000000003,-0.014875
-1.0100099999999999,-0.014135,-0.014945000000000003
-1.009965,-0.014155000000000001,-0.015080000000000001
-1.009965,-0.01409,-0.014995000000000003
-1.0099649999999998,-0.013994999999999999,-0.015065
-1.0103149999999999,-0.01379,-0.01506
-1.0103249999999997,-0.013785000000000002,-0.0153
-1.0097700000000003,-0.013989999999999999,-0.015385000000000005
-1.00963,-0.014105000000000001,-0.015265
-1.0099500000000003,-0.014060000000000003,-0.015295
-1.00989,-0.01404,-0.015495
-1.0095500000000002,-0.01414,-0.015415000000000003
-1.00963,-0.014070000000000003,-0.015485000000000004
-1.00984,-0.013965,-0.015695
-1.010125,-0.013910000000000002,-0.015710000000000002
-1.0101650000000002,-0.013895000000000001,-0.015750000000000004
-1.010125,-0.013935,-0.015615
-1.01022,-0.013954999999999999,-0.015629999999999998
-1.010105,-0.013965,-0.015315
-1.00994,-0.013835,-0.01506
-1.0099250000000002,-0.013849999999999998,-0.015285000000000002
-1.0098749999999999,-0.013909999999999997,-0.015255
-1.0097,-0.013965,-0.015115000000000003
-1.00977,-0.014119999999999999,-0.015090000000000001
-1.00978,-0.014135000000000003,-0.015005
-1.009715,-0.014065000000000003,-0.014835000000000001
-1.0098250000000002,-0.01394,-0.014950000000000001
-1.0100850000000001,-0.013895000000000001,-0.015160000000000002
-1.0100200000000001,-0.014075,-0.01524
-1.0098699999999998,-0.01409,-0.015360000000000002
-1.0099749999999998,-0.013819999999999999,-0.01545
-1.0102399999999998,-0.013595,-0.015475000000000003
-1.010175,-0.013640000000000005,-0.015404999999999999
-1.009905,-0.01388,-0.015275
-1.00998,-0.013860000000000003,-0.015380000000000001
-1.0101499999999999,-0.01397,-0.015640000000000005
-1.0102050000000002,-0.01416,-0.015665
-1.0099000000000002,-0.014110000000000001,-0.0156
-1.0097299999999998,-0.013999999999999999,-0.015460000000000005
-1.0097850000000002,-0.013749999999999998,-0.015179999999999999
-1.0097450000000001,-0.01389,-0.015375
-1.009835,-0.013935,-0.015759999999999996
-1.01011,-0.013920000000000002,-0.015540000000000002
-1.0101499999999999,-0.014085,-0.015285000000000002
-1.0098799999999999,-0.01401,-0.015360000000000002
-1.0098850000000001,-0.013985000000000001,-0.015540000000000002
-1.01015,-0.014065,-0.015695000000000004
-1.009925,-0.014040000000000002,-0.0155
-1.0097749999999999,-0.013975000000000005,-0.015434999999999999
-1.0100500000000001,-0.014110000000000001,-0.015520000000000003
-1.01016,-0.014055000000000002,-0.015375000000000003
-1.0101050000000003,-0.013919999999999998,-0.015220000000000001
-1.0099449999999999,-0.013885,-0.015260000000000001
-1.010305,-0.014045000000000002,-0.015650000000000004
-1.010405,-0.014049999999999998,-0.01563
-1.0100499999999997,-0.013924999999999998,-0.015229999999999999
-1.0098650000000002,-0.014139999999999996,-0.014969999999999997
-1.0098749999999999,-0.014020000000000001,-0.015020000000000002
-1.0099699999999998,-0.013920000000000002,-0.01508
-1.009835,-0.01413,-0.014895000000000005
-1.009875,-0.014079999999999999,-0.014800000000000002
-1.01006,-0.01395,-0.014854999999999998
-1.0102050000000002,-0.013935,-0.01507
-1.010015,-0.013944999999999999,-0.015029999999999998
-1.0099099999999999,-0.013965,-0.014875000000000003
-1.0100900000000002,-0.014035000000000002,-0.014830000000000001
-1.01012,-0.013885,-0.014855000000000002
-1.0100950000000002,-0.013855000000000001,-0.015120000000000003
-1.0100849999999997,-0.013874999999999998,-0.015145000000000002
-1.00997,-0.01378,-0.015015
-1.01016,-0.013730000000000001,-0.015040000000000001
-1.010415,-0.013875000000000002,-0.015145
-1.0103,-0.014110000000000003,-0.01501
-1.0102950000000002,-0.013930000000000001,-0.014849999999999999
-1.010025,-0.013980000000000003,-0.014855000000000002
-1.00962,-0.01408,-0.014790000000000003
-1.0095500000000002,-0.013999999999999999,-0.01475
-1.0098350000000003,-0.014145000000000001,-0.014905000000000002
-1.00995,-0.014165,-0.014875
-1.01002,-0.013970000000000002,-0.014670000000000002
-1.00999,-0.013930000000000001,-0.0147
-1.00985,-0.01406,-0.014785000000000001
-1.0100800000000003,-0.014015000000000003,-0.014955
-1.010035,-0.013864999999999999,-0.015005
-1.0098949999999998,-0.013865000000000002,-0.015075
-1.0099399999999998,-0.01384,-0.015289999999999998
-1.010035,-0.0139,-0.015184999999999999
-1.00998,-0.01394,-0.014945
-1.0100099999999999,-0.013855000000000001,-0.014875
-1.010055,-0.013989999999999997,-0.015095000000000003
-1.00992,-0.013935,-0.015360000000000004
-1.0100500000000001,-0.013925000000000002,-0.015405000000000002
-1.0100799999999999,-0.014015,-0.0153
-1.0098949999999998,-0.013999999999999999,-0.015165000000000003
-1.0098600000000002,-0.013999999999999999,-0.015410000000000002
-1.00992,-0.014020000000000001,-0.015445000000000004
-1.0101,-0.01386,-0.015255000000000001
-1.01015,-0.013760000000000003,-0.015345000000000003
-1.0100950000000002,-0.013985000000000001,-0.015290000000000002
-1.0103550000000001,-0.014049999999999998,-0.01532
-1.01033,-0.013930000000000001,-0.015514999999999998
-1.0101600000000002,-0.013845,-0.015394999999999997
-1.010025,-0.013955000000000004,-0.01513
-1.009885,-0.013945000000000003,-0.015195000000000004
-1.009955,-0.013900000000000001,-0.015220000000000001
-1.00984,-0.013960000000000004,-0.015249999999999996
-1.00979,-0.014035,-0.015430000000000003
-1.00996,-0.013965,-0.015480000000000002
-1.009905,-0.013865000000000002,-0.015565
-1.00988,-0.013870000000000002,-0.015725
-1.0100950000000002,-0.013824999999999999,-0.015875000000000004
-1.01003,-0.01379,-0.01573
-1.0100149999999999,-0.013905,-0.015295000000000003
-1.0102350000000002,-0.013895,-0.014884999999999999
-1.0100349999999998,-0.013800000000000002,-0.014905000000000002
-1.009925,-0.014030000000000004,-0.015090000000000001
-1.010215,-0.013990000000000002,-0.015345000000000001
-1.0102799999999998,-0.013734999999999997,-0.015685
-1.0103099999999998,-0.013540000000000002,-0.015980000000000005
-1.0096450000000001,-0.01372,-0.01575
-1.0114699999999996,-0.014119999999999999,-0.015344999999999998
-1.0167750000000002,-0.013244999999999998,-0.015645000000000003
-1.01405,-0.013965,-0.015345000000000001
-1.009455,-0.014850000000000002,-0.014895
-1.01022,-0.013835,-0.01538
-1.010295,-0.013855000000000001,-0.015560000000000001
-1.0100100000000003,-0.013955,-0.015735000000000002
-1.00992,-0.014000000000000002,-0.015830000000000004
-1.010185,-0.01415,-0.015530000000000002
-1.0102050000000002,-0.014225000000000002,-0.015494999999999998
-1.0100600000000002,-0.014415,-0.0152
-1.0097550000000002,-0.014560000000000003,-0.014815
-1.0096599999999998,-0.014425000000000002,-0.01469
-1.01229,-0.013434999999999999,-0.02733
-1.0079200000000001,-0.017070000000000002,-0.030265000000000004
-1.0053050000000001,-0.027700000000000002,0.01347
-1.0097900000000002,-0.027759999999999996,0.054075000000000005
-1.0006750000000002,-0.02076,0.011859999999999999
-1.0055850000000002,-0.025655,-0.031425
-1.009295,-0.04211,-0.00023499999999999926
-1.0035599999999998,-0.0348,0.014794999999999999
-1.0081399999999998,-0.053364999999999996,0.036164999999999996
-1.0053899999999998,-0.09618,0.06456999999999999
-1.0051549999999998,-0.05081,0.07649
-0.99976,0.00304,0.136615
-1.0026650000000001,0.010844999999999999,0.07521000000000001
-0.98899,0.012629999999999999,0.010499999999999999
-0.985625,0.004205000000000001,0.04148
-1.00845,-0.002485,0.008929999999999999
-1.0095699999999999,-0.002925,-0.015439999999999999
-1.0092849999999998,-0.003064999999999999,-0.012555
-1.01411,-0.007880000000000002,-0.0011400000000000004
-1.0128949999999999,-0.005365,-0.01019
-1.0088050000000002,-0.00212,-0.03943000000000001
-1.00963,-0.0018700000000000001,-0.07070000000000001
-1.0092850000000002,-0.0011749999999999996,-0.04551500000000001
-1.00993,-0.00252,-0.00556
-1.0102950000000002,-0.0018700000000000006,-0.008229999999999998
-1.01044,-0.0015300000000000001,-0.008169999999999998
-1.0102350000000002,-0.00155,-0.008065
-1.01,-0.0020399999999999993,-0.008284999999999999
-1.0101100000000003,-0.0020399999999999997,-0.008339999999999998
-1.01033,-0.001755,-0.008075
-1.01036,-0.0017250000000000002,-0.00802
-1.010205,-0.001925,-0.008130000000000002
-1.01,-0.00189,-0.008085
-1.01018,-0.002325,-0.00802
-1.01049,-0.0031,-0.008095000000000001
-1.010735,-0.00235,-0.008405
-1.0104600000000001,-0.001975,-0.008709999999999999
-1.0101099999999998,-0.0020399999999999997,-0.008545
-1.01106,-0.002605,-0.008075000000000002
-1.0112450000000002,-0.00317,-0.007945
-1.010365,-0.002465,-0.008135
-1.010345,-0.002105,-0.0082
-1.010085,-0.002,-0.00829
-1.0097,-0.00211,-0.00836
-1.010165,-0.002035,-0.00827
-1.0102000000000002,-0.001965,-0.008340000000000002
-1.0102300000000002,-0.0020000000000000005,-0.008685000000000002
-1.01043,-0.0019550000000000006,-0.008795
-1.010145,-0.00207,-0.008704999999999997
-1.0104000000000002,-0.0021249999999999997,-0.00867
-1.010435,-0.002145,-0.00849
-1.0099850000000001,-0.0019749999999999998,-0.008575
-1.0103,-0.0018949999999999998,-0.008924999999999999
-1.0105650000000002,-0.002045,-0.0089
-1.0104799999999998,-0.0021299999999999995,-0.008929999999999999
-1.0103900000000001,-0.002125,-0.008895000000000002
-1.0103300000000002,-0.0021199999999999995,-0.008790000000000001
-1.0102700000000002,-0.002145,-0.00885
-1.0102,-0.00224,-0.008944999999999998
-1.0102,-0.00229,-0.00887
-1.01051,-0.00215,-0.008709999999999999
-1.0105499999999998,-0.0021449999999999998,-0.008615000000000001
-1.0101749999999998,-0.0022099999999999993,-0.008525000000000001
-1.010075,-0.00228,-0.008390000000000002
-1.0099550000000002,-0.0022650000000000005,-0.008459999999999999
-1.0100850000000001,-0.00206,-0.008655
-1.010465,-0.00206,-0.00863
-1.010445,-0.0020749999999999996,-0.008624999999999999
-1.010375,-0.00198,-0.008615
-1.01026,-0.002025,-0.00864
-1.010195,-0.0020900000000000003,-0.00871
-1.0106350000000002,-0.00204,-0.008709999999999999
-1.0104949999999997,-0.0019199999999999998,-0.008660000000000001
-1.0100500000000001,-0.0021999999999999997,-0.008675
-1.010145,-0.0022649999999999997,-0.008745
-1.0102950000000002,-0.002115,-0.0088
-1.01038,-0.0022949999999999997,-0.008865000000000001
-1.0100000000000002,-0.002155,-0.008905000000000001
-1.0097749999999999,-0.00202,-0.008924999999999999
-1.010215,-0.002065,-0.008905
-1.0104700000000002,-0.00213,-0.008740000000000001
-1.0104449999999998,-0.002105,-0.008755
-1.0103399999999998,-0.001855,-0.008995
-1.01022,-0.00183,-0.00911
-1.01028,-0.0019499999999999997,-0.00902
-1.010355,-0.00193,-0.009170000000000001
-1.0101550000000001,-0.001925,-0.009495000000000002
-1.0102100000000003,-0.0018700000000000001,-0.009535
-1.010175,-0.00196,-0.00949
-1.0099749999999998,-0.00211,-0.00911
-1.010045,-0.0020499999999999997,-0.00881
-1.0098100000000003,-0.002115,-0.008999999999999998
-1.0098450000000003,-0.00212,-0.008935
-1.010205,-0.002105,-0.00892
-1.010145,-0.002065,-0.009115
-1.01024,-0.0019249999999999996,-0.009229999999999999
-1.0102499999999996,-0.001975,-0.009065
-1.01039,-0.00202,-0.00882
-1.010815,-0.0020150000000000003,-0.009025
-1.010685,-0.0021850000000000003,-0.009000000000000001
-1.01039,-0.002025,-0.00876
-1.01031,-0.001925,-0.00889
-1.0100799999999999,-0.001975,-0.009045000000000001
-1.01039,-0.0018950000000000002,-0.008945
-1.010395,-0.0020499999999999993,-0.008855000000000002
-1.0101399999999998,-0.002105,-0.008794999999999999
-1.0101650000000002,-0.0021699999999999996,-0.008865
-1.0101049999999998,-0.002105,-0.00903
-1.01039,-0.0021349999999999997,-0.009000000000000001
-1.010335,-0.0021999999999999997,-0.008979999999999998
-1.010285,-0.00211,-0.00887
-1.0104149999999998,-0.002165,-0.008895
-1.010285,-0.002155,-0.009205000000000001
-1.01058,-0.0021899999999999992,-0.00923
-1.0107149999999998,-0.00226,-0.00907
-1.01035,-0.002115,-0.009015
-1.0097200000000002,-0.0021549999999999994,-0.00904
-1.00956,-0.002175,-0.009125
-1.009985,-0.00209,-0.009295000000000001
-1.01051,-0.002275,-0.0091
-1.010705,-0.0023049999999999998,-0.009095
-1.010785,-0.0021850000000000003,-0.009265
-1.01062,-0.0022849999999999997,-0.008989999999999998
-1.009285,-0.00249,-0.0092
-1.0073899999999996,-0.002875,-0.009235
-1.0084199999999999,-0.0037700000000000003,-0.009074999999999998
-1.01065,-0.00394,-0.009085
-1.0104849999999999,-0.0028999999999999994,-0.008934999999999998
-1.009695,-0.0022649999999999997,-0.008935000000000002
-1.00926,-0.002005,-0.009005
-1.009575,-0.0017499999999999998,-0.009014999999999999
-1.01039,-0.0018750000000000004,-0.008909999999999998
-1.010445,-0.0021,-0.00887
-1.01024,-0.00219,-0.008924999999999999
-1.01055,-0.0022649999999999997,-0.009040000000000001
-1.01039,-0.0023000000000000004,-0.00917
-1.0103399999999998,-0.00206,-0.009284999999999998
-1.010685,-0.00215,-0.009345000000000001
-1.0104399999999998,-0.002165,-0.009215000000000001
-1.0102800000000003,-0.00207,-0.0091
-1.0105650000000002,-0.002145,-0.0092
-1.01033,-0.00216,-0.009184999999999999
-1.01035,-0.0022050000000000004,-0.009120000000000001
-1.0104250000000001,-0.00219,-0.009135
-1.01025,-0.00234,-0.009065
-1.010275,-0.002365,-0.009055
-1.01024,-0.00237,-0.00898
-1.010275,-0.0020950000000000005,-0.008935000000000002
-1.0103550000000001,-0.002065,-0.009065
-1.0102049999999998,-0.0022549999999999996,-0.00898
-1.0095750000000001,-0.0021699999999999996,-0.008889999999999999
-1.0083199999999999,-0.00134,-0.009519999999999997
-1.01147,-4.499999999999986e-05,-0.010045000000000002
-1.0126449999999998,-0.0008549999999999999,-0.009365
-1.011115,-0.0032500000000000003,-0.0098
-1.011585,-0.0028750000000000004,-0.010565
-1.0105899999999999,-0.001385,-0.010635
-1.0094249999999998,-0.002155,-0.01089
-1.0112900000000002,-0.001865,-0.010699999999999998
-1.0118300000000002,-0.0008550000000000001,-0.01071
-1.0101799999999999,-0.0009800000000000002,-0.01075
-1.01053,-0.0012200000000000002,-0.010745000000000001
-1.0103399999999998,-0.0014750000000000002,-0.01055
-1.0104300000000002,-0.0014300000000000003,-0.01035
-1.010265,-0.00129,-0.010185000000000001
-1.009855,-0.00129,-0.01019
-1.01017,-0.0013750000000000001,-0.010334999999999999
-1.0105650000000002,-0.001545,-0.010260000000000002
-1.01045,-0.00149,-0.010510000000000002
-1.010285,-0.0014500000000000001,-0.010679999999999999
-1.0098949999999998,-0.0014050000000000002,-0.01057
-1.0103500000000003,-0.00136,-0.010554999999999998
-1.010805,-0.001365,-0.010615000000000001
-1.0103749999999998,-0.001365,-0.010635
-1.010345,-0.00133,-0.010515
-1.0103950000000004,-0.00143,-0.01061
-1.01025,-0.0014000000000000002,-0.010725
-1.0103650000000002,-0.0013900000000000002,-0.010419999999999999
-1.01039,-0.0016099999999999999,-0.01024
-1.010095,-0.0015350000000000003,-0.010405000000000001
-1.0099550000000002,-0.0014650000000000002,-0.010695
-1.0099799999999999,-0.0014950000000000002,-0.010814999999999998
-1.010225,-0.0015300000000000001,-0.010735
-1.010515,-0.001555,-0.01065
-1.010305,-0.00159,-0.010595
-1.01028,-0.001635,-0.010675
-1.0099899999999997,-0.0016400000000000002,-0.010780000000000001
-1.0098049999999998,-0.00152,-0.010675
-1.0111250000000003,-0.0014700000000000004,-0.01058
-1.01113,-0.00149,-0.010545
-1.009795,-0.0013250000000000002,-0.010625
-1.010035,-0.0014,-0.010685
-1.010325,-0.001495,-0.010615000000000001
-1.0102200000000001,-0.00136,-0.010635
-1.0103399999999998,-0.0013450000000000003,-0.010584999999999999
-1.0102050000000002,-0.0014149999999999998,-0.01055
-1.0102699999999998,-0.0015300000000000001,-0.01056
-1.0102250000000002,-0.00144,-0.010559999999999998
-1.01024,-0.001405,-0.010425
-1.010205,-0.0015400000000000001,-0.010465
-1.0098049999999998,-0.00148,-0.010690000000000002
-1.0097549999999997,-0.00141,-0.010799999999999999
-1.0102699999999998,-0.0014900000000000002,-0.01075
-1.010255,-0.0016400000000000002,-0.010709999999999999
-1.0100349999999998,-0.0015899999999999998,-0.01072
-1.0102100000000003,-0.001265,-0.010730000000000002
-1.010435,-0.0010849999999999998,-0.010764999999999999
-1.0105750000000002,-0.0012850000000000001,-0.010625
-1.010605,-0.0014500000000000001,-0.010409999999999999
-1.010675,-0.0014449999999999999,-0.01065
-1.0104250000000001,-0.001525,-0.01092
-1.0104399999999998,-0.0014050000000000004,-0.010885
-1.010625,-0.0013050000000000002,-0.010804999999999999
-1.0103149999999999,-0.00132,-0.0106
-1.0101650000000002,-0.001335,-0.01049
-1.010175,-0.0014550000000000001,-0.010620000000000001
-1.009965,-0.00141,-0.010655
-1.00988,-0.00133,-0.010589999999999999
-1.0100300000000002,-0.00132,-0.010795
-1.0101799999999996,-0.0014550000000000001,-0.0107
-1.0102499999999999,-0.0015249999999999999,-0.010429999999999998
-1.0101550000000001,-0.001575,-0.0105
-1.010345,-0.001505,-0.010614999999999998
-1.0105650000000002,-0.00135,-0.010605
-1.0103,-0.0014,-0.010705000000000001
-1.0100399999999998,-0.001395,-0.010804999999999999
-1.0104400000000002,-0.001345,-0.010624999999999999
-1.0105549999999999,-0.00147,-0.01046
-1.01024,-0.00162,-0.010369999999999999
-1.01024,-0.0015,-0.010499999999999999
-1.0103250000000001,-0.0013200000000000002,-0.010895
-1.0103099999999998,-0.001435,-0.01086
-1.0102699999999998,-0.0013900000000000002,-0.01064
-1.010315,-0.0013700000000000001,-0.010645
-1.00998,-0.001355,-0.010839999999999999
-1.0099749999999998,-0.001265,-0.010685
-1.0102250000000002,-0.001415,-0.010324999999999997
-1.010055,-0.001385,-0.01046
-1.0100099999999999,-0.0013850000000000002,-0.010565000000000001
-1.01003,-0.0014849999999999998,-0.010565
-1.010235,-0.001425,-0.01075
-1.0102849999999999,-0.00135,-0.010799999999999999
-1.0100300000000002,-0.0014700000000000002,-0.010690000000000002
-1.0103199999999997,-0.0015749999999999996,-0.01074
-1.0100500000000001,-0.0014849999999999998,-0.01064
-1.0098749999999999,-0.0014399999999999999,-0.010634999999999999
-1.01024,-0.001395,-0.010785
-1.0104400000000002,-0.0014050000000000002,-0.010625
-1.0102699999999998,-0.001355,-0.010565
-1.0101300000000002,-0.001375,-0.010684999999999998
-1.0102299999999995,-0.0012500000000000002,-0.01064
-1.010445,-0.00116,-0.010665000000000001
-1.0107250000000003,-0.001435,-0.010689999999999998
-1.01063,-0.0015049999999999998,-0.010795
-1.0102500000000003,-0.0011849999999999999,-0.010895
-1.010145,-0.00010500000000000002,-0.011315
-1.0103949999999997,-0.0026249999999999997,-0.011144999999999999
-1.0047099999999998,-0.008770000000000002,-0.032875
-1.0042950000000002,0.007604999999999999,-0.11730499999999999
-0.9877499999999999,-0.019724999999999996,-0.23045
-0.9532349999999997,-0.0346,-0.33540000000000003
-0.8715099999999998,0.01793,-0.49122999999999994
-0.29124999999999995,0.015175,-0.76481
0.550975,-0.067445,-0.4417
0.9001000000000001,0.009339999999999998,0.17131999999999997
0.9119550000000001,0.13360999999999998,0.311865
0.8858149999999998,0.09065500000000001,0.358385
0.910445,0.066965,0.25451500000000005
0.9606999999999999,0.07303,0.084025
0.97144,0.094555,0.02102
0.9873899999999999,0.13214499999999998,-0.006824999999999998
0.96093,0.100925,-0.06789999999999999
0.9298299999999999,0.037085,-0.11353499999999998
0.9542800000000001,-0.0005249999999999988,-0.008705000000000001
0.978495,-0.052105,0.103335
0.9449200000000001,-0.19235,0.03441
0.9018900000000001,-0.30601000000000006,-0.012074999999999999
0.9388049999999998,-0.222895,-0.022994999999999998
0.9895700000000002,-0.038364999999999996,-0.11586000000000003
0.975515,0.05090499999999999,-0.084095
0.9361949999999999,0.03995999999999999,0.11428
0.92182,0.020175000000000002,0.277455
0.925005,0.009094999999999997,0.30452500000000005
0.9479999999999998,-0.009685000000000001,0.13611499999999999
0.9681949999999999,-0.00859,0.01855
0.96329,0.06298499999999999,0.03192
0.9638900000000001,0.090665,-0.018465000000000002
0.9703000000000002,0.040690000000000004,0.021985000000000005
0.969065,-0.024195,0.09818
0.9672550000000001,-0.018109999999999998,0.130325
0.961135,0.021820000000000003,0.17953
0.9436349999999999,0.008029999999999999,0.23379500000000003
0.9071050000000002,-0.029285,0.34548499999999993
0.9415800000000001,-0.09840499999999999,0.29095499999999996
0.9728600000000001,-0.11232,0.20995999999999998
0.9505549999999999,-0.105755,0.2118
0.96196,-0.006439999999999999,0.153415
0.9615600000000001,0.11294000000000001,0.09396000000000002
0.97482,0.118075,0.08524999999999999
0.9942700000000002,0.09413500000000001,0.060455
0.9795699999999998,0.030579999999999996,0.008675000000000002
0.9603450000000002,0.005805000000000002,0.04203499999999999
0.9651399999999999,0.005349999999999999,0.05283
0.9405149999999999,0.12939,-0.025279999999999997
0.9281599999999999,0.19532,-0.08744500000000001
0.9575949999999999,0.06629499999999998,-0.06902
0.9703249999999999,-0.0007150000000000005,-0.075935
0.969655,0.004679999999999999,-0.09562
0.9699850000000001,-0.0035600000000000007,-0.10174000000000001
0.9718650000000002,0.01364,-0.077535
0.9722199999999999,0.03039,-0.046525
0.9760099999999999,0.014635,-0.037469999999999996
0.9761850000000001,0.013669999999999996,-0.037245
0.9757150000000001,0.014299999999999998,-0.037445
0.9746699999999999,0.01736,-0.03822
0.9751350000000001,0.017060000000000002,-0.037885
0.9771199999999999,0.013379999999999998,-0.037035
0.977195,0.012475,-0.03685
0.9761799999999999,0.013885,-0.037045
0.9776199999999999,0.013550000000000001,-0.037265
0.976875,0.01462,-0.037465
0.975585,0.014624999999999999,-0.03717500000000001
0.9768099999999998,0.0131,-0.03704
0.97624,0.013184999999999999,-0.03688500000000001
0.976345,0.01322,-0.036884999999999994
0.976955,0.012955,-0.03751500000000001
0.9765250000000002,0.01297,-0.03744499999999999
0.97683,0.013115000000000002,-0.037360000000000004
0.9768000000000001,0.013554999999999998,-0.03766499999999999
0.97636,0.01363,-0.037545
0.976955,0.013374999999999998,-0.03723
0.976585,0.013239999999999998,-0.03719499999999999
0.9763300000000001,0.01311,-0.03752
0.9766750000000002,0.01309,-0.037135
0.9763700000000002,0.012675,-0.036660000000000005
0.976735,0.012525000000000003,-0.036985000000000004
0.9765599999999999,0.012895,-0.037180000000000005
0.97611,0.01345,-0.037184999999999996
0.9766400000000001,0.013114999999999998,-0.037279999999999994
0.9764999999999999,0.012640000000000002,-0.036950000000000004
0.9767349999999999,0.01284,-0.036775
0.977025,0.012934999999999999,-0.036785
0.97637,0.012989999999999998,-0.03663
0.976745,0.013005,-0.037035
0.976815,0.012785,-0.03696499999999999
0.9764799999999999,0.01286,-0.03649000000000001
0.976665,0.01318,-0.036755
0.9763250000000001,0.01316,-0.03677999999999999
0.9764450000000002,0.012764999999999999,-0.03665
0.976915,0.012575,-0.036865
0.9763599999999999,0.013139999999999999,-0.037295
0.9759699999999999,0.013640000000000003,-0.03760999999999999
0.9763550000000001,0.013070000000000002,-0.037275
0.9766199999999999,0.012509999999999999,-0.036875
0.9768899999999998,0.012814999999999998,-0.037125
0.976525,0.013215,-0.037254999999999996
0.97637,0.013250000000000001,-0.036905
0.97712,0.01298,-0.03674999999999999
0.97665,0.012875000000000001,-0.036805
0.9763249999999999,0.0131,-0.03698
0.976765,0.013160000000000002,-0.036925
0.97658,0.012735000000000002,-0.036525
0.97665,0.012695000000000001,-0.036719999999999996
0.9766899999999998,0.01304,-0.037110000000000004
0.976205,0.01326,-0.03730000000000001
0.97647,0.013304999999999997,-0.037285000000000006
0.976605,0.012985,-0.03672
0.97645,0.012819999999999998,-0.036305
0.9766749999999998,0.013075,-0.036695
0.9763550000000001,0.01304,-0.03713500000000001
0.9765699999999999,0.012709999999999999,-0.037205
0.9770200000000001,0.012515000000000002,-0.037105000000000006
0.9763149999999999,0.012845,-0.03683499999999999
0.9761749999999999,0.013379999999999998,-0.036985
0.976445,0.013184999999999999,-0.03691
0.9763050000000002,0.012675,-0.03654500000000001
0.9766749999999998,0.01277,-0.03681
0.9766549999999998,0.012890000000000002,-0.037055
0.9764800000000001,0.012825,-0.036715
0.9771799999999999,0.012750000000000001,-0.03633499999999999
0.977365,0.012764999999999999,-0.036449999999999996
0.9775999999999998,-0.013785,-0.0006550000000000004
0.975975,-0.0431,0.04005
0.9736200000000002,-0.046244999999999994,0.04521
0.97367,-0.046744999999999995,0.045645
0.97385,-0.046625,0.045384999999999995
0.973635,-0.04644,0.04537
0.9735099999999999,-0.04635,0.045544999999999995
0.97373,-0.04684000000000001,0.04568
0.97384,-0.04716,0.045845000000000004
0.973865,-0.046785,0.04601999999999999
0.9735300000000002,-0.04633,0.04603499999999999
0.97331,-0.046255000000000004,0.046035000000000006
0.9736300000000002,-0.046579999999999996,0.04617
0.973685,-0.04657499999999999,0.04616
0.9735949999999999,-0.04629000000000001,0.046235
0.9737199999999999,-0.046285,0.046185000000000004
0.97374,-0.04651999999999999,0.045985
0.9741349999999999,-0.047005000000000005,0.04609500000000001
0.974225,-0.047085,0.046435
0.97352,-0.046425,0.04608
0.9736549999999999,-0.046279999999999995,0.045904999999999994
0.9737199999999999,-0.046725,0.046265
0.9735150000000001,-0.046674999999999994,0.046079999999999996
0.9739700000000001,-0.04639,0.0461
0.9737899999999999,-0.046565,0.046400000000000004
0.9736550000000002,-0.046994999999999995,0.0466
0.9741250000000001,-0.04705499999999999,0.046645
0.97378,-0.046470000000000004,0.046235000000000005
0.9733850000000001,-0.046134999999999995,0.04598
0.9736250000000002,-0.04615500000000001,0.04604500000000001
0.973765,-0.04642,0.04607499999999999
0.97377,-0.04665500000000001,0.046165
0.9735449999999999,-0.046384999999999996,0.046369999999999995
0.9735799999999999,-0.046439999999999995,0.046685000000000004
0.97385,-0.046939999999999996,0.046785
0.9738200000000001,-0.047095,0.046555
0.97367,-0.046595000000000004,0.046505
0.9735550000000002,-0.046115,0.0465
0.9736550000000002,-0.04628500000000001,0.046295
0.9739650000000001,-0.04671,0.046195
0.9738749999999999,-0.046505000000000005,0.04588
0.9736499999999999,-0.046215,0.04575
0.9737600000000001,-0.04656,0.04601
0.9737999999999998,-0.04692500000000001,0.046275
0.9737,-0.046959999999999995,0.04651
0.9736350000000001,-0.046535,0.046470000000000004
0.9734849999999999,-0.04625,0.046525
0.9736300000000002,-0.046535,0.04674
0.9738300000000001,-0.046650000000000004,0.04657499999999999
0.973565,-0.046404999999999995,0.046295
0.9735300000000002,-0.0464,0.0461
0.9736100000000001,-0.04659999999999999,0.04606500000000001
0.9737750000000002,-0.046634999999999996,0.04603999999999999
0.9739400000000001,-0.04662499999999999,0.045875
0.9736849999999999,-0.04646499999999999,0.04584
0.973785,-0.046195,0.04605
0.9739850000000001,-0.04646,0.046345
0.9738700000000001,-0.046939999999999996,0.04651999999999999
0.9739549999999999,-0.046615000000000004,0.04681
0.9737649999999999,-0.046224999999999995,0.046814999999999996
0.9735699999999999,-0.046634999999999996,0.04668
0.9739749999999999,-0.046935,0.04659999999999999
0.9740300000000002,-0.04678999999999999,0.046404999999999995
0.973755,-0.04661,0.046525
0.9738199999999999,-0.04661,0.046579999999999996
0.9736499999999999,-0.046590000000000006,0.046615
0.9735100000000001,-0.046545,0.04673
0.973365,-0.046430000000000006,0.046490000000000004
0.97332,-0.04629,0.04615
0.9736800000000002,-0.046585,0.046095000000000004
0.9738100000000001,-0.04696500000000001,0.046294999999999996
0.973825,-0.046825000000000006,0.046435
0.973835,-0.046675,0.04643
0.9736750000000001,-0.04665,0.046215000000000006
0.9737899999999999,-0.046770000000000006,0.046114999999999996
0.9739099999999998,-0.046895000000000006,0.04639
0.9737449999999999,-0.046795,0.046425
0.9737899999999999,-0.046725,0.046279999999999995
0.974105,-0.04684500000000001,0.046275
0.97435,-0.046945,0.046035
0.97406,-0.04666,0.046
0.9738349999999997,-0.046975,0.04619500000000001
0.9738849999999999,-0.046975,0.04625
0.973755,-0.04682000000000001,0.04629000000000001
0.97356,-0.04709,0.046465
0.9734650000000002,-0.04662000000000001,0.046759999999999996
0.9736300000000002,-0.046505000000000005,0.04668
0.9737300000000001,-0.046854999999999994,0.046560000000000004
0.9737899999999999,-0.046775,0.04666
0.9736249999999999,-0.04640000000000001,0.046560000000000004
0.9734449999999999,-0.04646499999999999,0.046515
0.9750350000000001,-0.048955,0.04603499999999999
0.9760900000000001,-0.04993499999999999,0.045994999999999994
0.9748799999999997,-0.04787,0.046575
0.97388,-0.0468,0.04666000000000001
0.9736700000000003,-0.046579999999999996,0.04679
0.9737250000000002,-0.046770000000000006,0.04657
0.9738050000000001,-0.046994999999999995,0.04644
0.9739049999999999,-0.04691,0.046345000000000004
0.9735199999999999,-0.046575,0.046005
0.973475,-0.04662500000000001,0.045905
0.973835,-0.04690999999999999,0.045805000000000005
0.9737450000000001,-0.04681,0.045915
0.973765,-0.04676999999999999,0.046305
0.973605,-0.046865,0.046525
0.973795,-0.046919999999999996,0.046495
0.973995,-0.04697,0.04657
0.9741899999999999,-0.047285,0.04656
0.972105,-0.045774999999999996,0.04662499999999999
0.970885,-0.043660000000000004,0.046634999999999996
0.9731799999999999,-0.045044999999999995,0.04656
0.9739999999999999,-0.046935000000000004,0.04659
0.9737100000000002,-0.046825,0.046450000000000005
0.9737050000000002,-0.0466,0.046209999999999994
0.973995,-0.047099999999999996,0.0461
0.9743599999999999,-0.04745,0.046335
0.973635,-0.04661,0.04658
0.9728550000000002,-0.045810000000000003,0.04648000000000001
0.97324,-0.04611,0.046415
0.9736350000000001,-0.04673,0.04641000000000001
0.97362,-0.046735000000000006,0.04624
0.9735050000000001,-0.04662000000000001,0.04639
0.973405,-0.046740000000000004,0.04655
0.973765,-0.04679000000000001,0.046515
0.97402,-0.046985,0.046685
0.97363,-0.04681,0.046825
0.9736550000000002,-0.04644999999999999,0.046744999999999995
0.9737950000000002,-0.04661,0.04683
0.9741950000000001,-0.04676,0.047099999999999996
0.97424,-0.046604999999999994,0.046875
0.9737,-0.04657,0.04646
0.9739150000000001,-0.04676999999999999,0.04643
0.9739749999999999,-0.04708999999999999,0.046645
0.9738,-0.04716000000000001,0.04689
0.9739849999999999,-0.046815,0.046835
0.9736450000000001,-0.046485,0.04672
0.9736249999999999,-0.046650000000000004,0.046544999999999996
0.9738199999999999,-0.04675999999999999,0.046115
0.9737749999999998,-0.046704999999999997,0.045835
0.9738199999999999,-0.04677,0.046125
0.9737300000000001,-0.04690999999999999,0.04659
0.9738150000000001,-0.046974999999999996,0.04661
0.97369,-0.04687,0.046525000000000004
0.973645,-0.04665500000000001,0.046445
0.9737899999999999,-0.046525,0.046345000000000004
0.9737600000000002,-0.04687999999999999,0.04633500000000001
0.9739650000000001,-0.047225,0.04657
0.973825,-0.047195,0.04686999999999999
0.97356,-0.04692999999999999,0.04691
0.9737300000000001,-0.04684,0.046849999999999996
0.97381,-0.047175,0.046775000000000004
0.973925,-0.04721,0.046724999999999996
0.9738249999999999,-0.046785,0.046815
0.9735400000000002,-0.046535,0.046695
0.9735900000000001,-0.04678,0.046735000000000006
0.973685,-0.047049999999999995,0.04671
0.97381,-0.04705000000000001,0.046595
0.9738200000000001,-0.04697,0.046755
0.9736749999999998,-0.04699,0.046650000000000004
0.97373,-0.046955,0.04645
0.9737300000000001,-0.046904999999999995,0.04623
0.9737650000000002,-0.046775,0.0466
0.973785,-0.04653,0.046950000000000006
0.97391,-0.04665999999999999,0.04668
0.9743299999999999,-0.046939999999999996,0.04643
0.974185,-0.04707,0.046235000000000005
0.973905,-0.046709999999999995,0.046055
0.9740550000000001,-0.046634999999999996,0.04622999999999999
0.9737300000000001,-0.04711,0.0463
0.97371,-0.046985,0.04612999999999999
0.9738549999999998,-0.046735000000000006,0.04624
0.9736499999999999,-0.04664499999999999,0.046355
0.9738200000000002,-0.046645000000000006,0.04655
0.9739900000000002,-0.047055,0.046655
0.9739450000000002,-0.047075,0.046655
0.97377,-0.046830000000000004,0.04669999999999999
0.9738850000000001,-0.04673,0.046585
0.9742049999999999,-0.04684,0.046525
0.9739949999999998,-0.04684000000000001,0.046485
0.9735850000000001,-0.046615000000000004,0.04655
0.973615,-0.046680000000000006,0.04655499999999999
0.97378,-0.04692,0.046375
0.974035,-0.047150000000000004,0.046450000000000005
0.973865,-0.047025,0.046615000000000004
0.97364,-0.04678,0.046485000000000005
0.9738050000000003,-0.046845000000000005,0.04650000000000001
0.973785,-0.047,0.04665000000000001
0.9737850000000001,-0.04698000000000001,0.046770000000000006
0.9737999999999998,-0.046674999999999994,0.0467
0.973715,-0.046565,0.046655
0.9738850000000001,-0.046895000000000006,0.04687000000000001
0.9740150000000002,-0.047255000000000005,0.04685
0.9737750000000001,-0.047335,0.04674
0.9736550000000003,-0.04690999999999999,0.046505
0.973545,-0.046725,0.046375
0.9738000000000001,-0.04689,0.046244999999999994
0.9741349999999999,-0.04679,0.04621499999999999
0.9738200000000001,-0.04668,0.04676000000000001
0.9737800000000002,-0.04657,0.046745
0.973975,-0.046700000000000005,0.046405
0.9740249999999999,-0.046915,0.04637000000000001
0.9740699999999999,-0.047049999999999995,0.04683
0.9737850000000001,-0.04698,0.046805
0.97369,-0.047055,0.04643499999999999
0.9739100000000003,-0.047325000000000006,0.046465
0.9737500000000002,-0.0471,0.046505000000000005
0.97363,-0.046805,0.046810000000000004
0.97362,-0.046665,0.046740000000000004
0.9736600000000001,-0.046895,0.046645000000000006
0.9739399999999998,-0.04715000000000001,0.046735000000000006
0.97413,-0.046955000000000004,0.046520000000000006
0.9741499999999998,-0.04689999999999999,0.04636
0.974175,-0.047115000000000004,0.046439999999999995
0.9741349999999999,-0.04718,0.046495
0.9741350000000001,-0.047035,0.046744999999999995
0.9738849999999999,-0.046645,0.04678999999999999
0.9736199999999998,-0.04661,0.046825
0.97369,-0.04707499999999999,0.04707499999999999
0.9736549999999999,-0.04724,0.04686
0.9740250000000001,-0.04692,0.046575
0.97409,-0.04676,0.04626
0.9740249999999999,-0.046985,0.04601500000000001
0.9742049999999999,-0.04692,0.04601999999999999
0.9738849999999999,-0.046755000000000005,0.04607
0.9737150000000001,-0.046704999999999997,0.046239999999999996
0.9737750000000001,-0.04699500000000001,0.046200000000000005
0.973905,-0.047275000000000005,0.04590999999999999
0.974115,-0.04724,0.046025
0.97467,-0.047235,0.045975
0.9744949999999999,-0.04703,0.04593
0.9737199999999999,-0.046555,0.04601
0.973645,-0.04712499999999999,0.04556500000000001
0.973565,-0.047635,0.045465000000000005
0.9737950000000002,-0.04729499999999999,0.04548
0.9738450000000001,-0.047065,0.045485
0.9735050000000001,-0.046925,0.045665
0.97341,-0.047104999999999994,0.04628
0.97359,-0.047,0.046579999999999996
0.9738149999999999,-0.046775,0.04631500000000001
0.97381,-0.04684,0.04618
0.97373,-0.0468,0.046130000000000004
0.9735950000000001,-0.046775,0.04613
0.97402,-0.04753500000000001,0.046145000000000005
0.9732750000000001,-0.04673,0.046215
0.97264,-0.045815,0.046155
0.97339,-0.046544999999999996,0.04619
0.9738899999999999,-0.046834999999999995,0.046145
0.9739749999999999,-0.04688,0.04612
0.973925,-0.047015,0.046345000000000004
0.9739600000000002,-0.046979999999999994,0.04636
0.973645,-0.046974999999999996,0.046385
0.9737250000000002,-0.04712500000000001,0.046755000000000005
0.9741600000000001,-0.047244999999999995,0.046709999999999995
0.9741750000000001,-0.04739,0.04676
0.9738149999999998,-0.04727499999999999,0.047055
0.97374,-0.047064999999999996,0.046869999999999995
0.9738300000000001,-0.046925,0.04662500000000001
0.974015,-0.046915,0.046680000000000006
0.974035,-0.04695,0.046875
0.9736499999999999,-0.047060000000000005,0.04684499999999999
0.97364,-0.04709,0.04685500000000001
0.9738200000000001,-0.04712999999999999,0.04692
0.9738899999999997,-0.047165000000000006,0.046950000000000006
0.9741,-0.046970000000000005,0.046985000000000006
0.9739600000000002,-0.047020000000000006,0.046884999999999996
0.9739349999999998,-0.04691,0.046895
0.9740299999999997,-0.04691000000000001,0.046995
0.9741350000000001,-0.047055,0.04689
0.9740650000000002,-0.046865000000000004,0.046615000000000004
0.9738149999999999,-0.0468,0.046544999999999996
0.973685,-0.04678999999999999,0.046375
0.973795,-0.046799999999999994,0.046125
0.97406,-0.04699,0.04635
0.97452,-0.047505000000000006,0.046345000000000004
0.974765,-0.047195,0.04651999999999999
0.9746250000000002,-0.047310000000000005,0.046599999999999996
0.9744800000000001,-0.047865000000000005,0.04639
0.9741150000000001,-0.047195,0.04663
0.9738450000000001,-0.046805,0.04679000000000001
0.973865,-0.04697,0.04648000000000001
0.9740049999999998,-0.047045,0.046275
0.974105,-0.04712499999999999,0.046485
0.974045,-0.047034999999999993,0.046744999999999995
0.9737900000000004,-0.04676,0.04681
0.9739749999999999,-0.046835,0.04673499999999999
0.974075,-0.04690999999999999,0.046799999999999994
0.9738199999999999,-0.04687499999999999,0.046805
0.9740549999999999,-0.046884999999999996,0.04675
0.97403,-0.04689,0.04665
0.9736750000000001,-0.046845,0.046650000000000004
0.9736350000000001,-0.046959999999999995,0.046685
0.9736649999999999,-0.047220000000000005,0.04651
0.9737349999999999,-0.047194999999999994,0.0465
0.973905,-0.047105,0.046575
0.97407,-0.047005000000000005,0.046645
0.9738650000000002,-0.046994999999999995,0.046665
0.9737800000000002,-0.047015,0.04642
0.973945,-0.04703,0.04636
0.9740400000000001,-0.04710000000000001,0.046415
0.9742050000000001,-0.04699,0.04636
0.97407,-0.046900000000000004,0.046509999999999996
0.97403,-0.047,0.04667
0.974015,-0.04703500000000001,0.04673999999999999
0.97384,-0.046905,0.046724999999999996
0.97392,-0.046725,0.04676
0.9741449999999998,-0.046745,0.04689
0.9743600000000001,-0.04707000000000001,0.04673000000000001
0.974185,-0.047175,0.04651
0.9740300000000002,-0.046985,0.04649
0.974185,-0.046875,0.046299999999999994
0.9743499999999999,-0.046944999999999994,0.04617
0.9742850000000001,-0.04711,0.046335
0.9743699999999998,-0.047134999999999996,0.04628
0.9731050000000001,-0.046704999999999997,0.046154999999999995
0.97449,-0.04793000000000001,0.045505
0.979725,-0.04826,0.04636
0.9794400000000001,-0.050585000000000005,0.046465000000000006
0.9751850000000001,-0.04884,0.046525
0.973795,-0.044675000000000006,0.047715
0.973795,-0.046205,0.047125
0.9730800000000001,-0.045204999999999995,0.04612
0.9732399999999999,-0.04320999999999999,0.047445
0.9741550000000002,-0.043725,0.04844
0.974075,-0.04529000000000001,0.047200000000000006
0.973895,-0.04542,0.046645
0.9741200000000001,-0.044849999999999994,0.046685000000000004
0.9741,-0.04478,0.04677
0.9740499999999999,-0.04540999999999999,0.046575
0.9738749999999999,-0.04576999999999999,0.046384999999999996
0.973855,-0.045799999999999993,0.0461
0.973935,-0.046045,0.046275
0.9734700000000001,-0.046060000000000004,0.04656500000000001
0.972815,-0.0467,0.04587
0.973005,-0.04789,0.045605
0.973855,-0.047315,0.046310000000000004
0.9739850000000001,-0.0466,0.046595000000000004
0.973685,-0.04681,0.04696
0.9741350000000001,-0.04686,0.046975
0.974315,-0.04734,0.04678500000000001
0.9738300000000001,-0.047200000000000006,0.046799999999999994
0.9741750000000001,-0.04679,0.046915
0.97424,-0.046990000000000004,0.046884999999999996
0.9740200000000001,-0.047205,0.047060000000000005
0.973995,-0.04718,0.04723000000000001
0.9737749999999998,-0.047145,0.04716
0.9739099999999998,-0.047220000000000005,0.04715
0.9739550000000001,-0.046950000000000006,0.047069999999999994
0.9738850000000001,-0.04698,0.047189999999999996
0.9740250000000001,-0.04737,0.047225
0.9739800000000001,-0.047475,0.047035
0.9739899999999999,-0.047365,0.046915
0.9739550000000001,-0.047005000000000005,0.046915
0.97399,-0.046875,0.04697
0.9740549999999999,-0.04702,0.047115
0.97406,-0.046875,0.047060000000000005
0.9742650000000002,-0.046895,0.046945
0.97428,-0.047229999999999994,0.046724999999999996
0.9740499999999999,-0.047244999999999995,0.046545
0.9739850000000001,-0.04709000000000001,0.046555
0.9739850000000001,-0.04708,0.04675
0.9740350000000001,-0.047115000000000004,0.04678000000000001
0.9742099999999999,-0.047069999999999994,0.046845
0.9740250000000001,-0.04701999999999999,0.0472
0.9738700000000001,-0.0471,0.047555
0.9737950000000002,-0.047290000000000006,0.047445
0.9739799999999998,-0.04725,0.04721
0.9743749999999999,-0.047115000000000004,0.047255000000000005
0.974315,-0.047145000000000006,0.046755
0.9740149999999999,-0.04703,0.0466
0.973995,-0.046974999999999996,0.046835
0.97393,-0.04698000000000001,0.0468
0.974015,-0.047,0.04664
0.974085,-0.046975,0.046665000000000005
0.97392,-0.047009999999999996,0.04678
0.9739500000000001,-0.04711,0.04679
0.9738650000000002,-0.047134999999999996,0.046525000000000004
0.9738349999999999,-0.046565,0.046185000000000004
0.975835,-0.049104999999999996,0.046064999999999995
0.97143,-0.042890000000000005,0.048435
0.96905,-0.037575000000000004,0.04826999999999999
0.9733449999999999,-0.04424,0.046445
0.973635,-0.047720000000000005,0.046700000000000005
0.9735800000000001,-0.04721000000000001,0.046744999999999995
0.97367,-0.04575,0.047299999999999995
0.973865,-0.04617,0.047224999999999996
0.9740399999999999,-0.047185,0.04725
0.9739149999999999,-0.04759,0.04705500000000001
0.9738450000000001,-0.047295,0.04693499999999999
0.9739049999999999,-0.047055,0.04723000000000001
0.9736099999999999,-0.04619,0.047310000000000005
0.973625,-0.04572,0.047380000000000005
0.9738800000000001,-0.04576,0.047485
0.9739450000000002,-0.047834999999999996,0.046575000000000005
0.9742049999999999,-0.047115000000000004,0.045885
0.9742550000000001,-0.04526,0.046364999999999996
0.973865,-0.04612000000000001,0.04694
0.97374,-0.04506,0.047569999999999994
0.9739199999999999,-0.045735000000000005,0.047920000000000004
0.9739099999999998,-0.047369999999999995,0.04706500000000001
0.9739749999999999,-0.04652,0.04666
0.9740050000000002,-0.046175,0.04716000000000001
0.974035,-0.046925,0.04739
0.9740050000000002,-0.04723999999999999,0.04707
